from_id,from_name,from_type,relationship,to_id,to_name,to_type,kind,detail,source,reported_by,confidence,evidence,filing_url,note
AAPL,Apple Inc.,Company,COMPETES_WITH,INTC,Intel Corporation,Company,,ARM-based processors,10-K,INTC,high,"We also face significant competition from companies that design processors based on the ARM architecture, such as Apple with its M series products",https://www.sec.gov/Archives/edgar/data/50863/000005086326000011/intc-20251227.htm,
AAPL,Apple Inc.,Company,COMPETES_WITH,MSFT,Microsoft Corporation,Company,,PC operating systems (Windows) and gaming platforms (Xbox),10-K,,high,"compared to competitors’ platforms, such as Android for smartphones and tablets, Windows for personal computers and tablets, and PlayStation, Nintendo and Xbox for gaming platforms.",https://www.sec.gov/Archives/edgar/data/320193/000032019325000079/aapl-20250927.htm,"Stated in Apple's 10-K but by product name, so the extractor did not attribute it to Microsoft."
AAPL,Apple Inc.,Company,COMPETES_WITH,nintendo,Nintendo,Company,,gaming platforms,10-K,AAPL,medium,"compared to competitors’ platforms, such as Android for smartphones and tablets, Windows for personal computers and tablets, and PlayStation, Nintendo and Xbox for gaming platforms.",https://www.sec.gov/Archives/edgar/data/320193/000032019325000079/aapl-20250927.htm,
AMD,"Advanced Micro Devices, Inc.",Company,COMPETES_WITH,AVGO,Broadcom Inc.,Company,,ASSP products,10-K,AMD,high,"and from ASSP vendors such as Broadcom Corporation, Marvell Technology Group, Ltd., Analog Devices, Texas Instruments Incorporated, NXP Semiconductors N.V., Qualcomm Incorporated and NVIDIA.",https://www.sec.gov/Archives/edgar/data/2488/000000248826000018/amd-20251227.htm,
AMD,"Advanced Micro Devices, Inc.",Company,COMPETES_WITH,INTC,Intel Corporation,Company,,"x86 processors, GPUs, accelerators, and data center products",10-K,INTC,high,"CCG's primary competitor is AMD, which like us designs processors based on the x86 architecture.",https://www.sec.gov/Archives/edgar/data/50863/000005086326000011/intc-20251227.htm,
AMD,"Advanced Micro Devices, Inc.",Company,COMPETES_WITH,NVDA,NVIDIA Corporation,Company,,"GPUs, custom chips and accelerated computing solutions",10-K,NVDA,high,"suppliers and licensors of hardware and software for discrete and integrated GPUs, custom chips and other accelerated computing solutions, including solutions offered for AI, such as Advanced Micro Devices, Inc., or AMD",https://www.sec.gov/Archives/edgar/data/1045810/000104581026000021/nvda-20260125.htm,
AMD,"Advanced Micro Devices, Inc.",Company,COMPETES_WITH,QCOM,QUALCOMM Incorporated,Company,,ASSP products,10-K,AMD,high,"and from ASSP vendors such as Broadcom Corporation, Marvell Technology Group, Ltd., Analog Devices, Texas Instruments Incorporated, NXP Semiconductors N.V., Qualcomm Incorporated and NVIDIA.",https://www.sec.gov/Archives/edgar/data/2488/000000248826000018/amd-20251227.htm,
AMD,"Advanced Micro Devices, Inc.",Company,COMPETES_WITH,altera,Altera,Company,,FPGA and adaptive SoC server products,10-K,AMD,high,"In addition, we compete against Altera with our FPGA and adaptive SoC server products.",https://www.sec.gov/Archives/edgar/data/2488/000000248826000018/amd-20251227.htm,
AMD,"Advanced Micro Devices, Inc.",Company,COMPETES_WITH,analog-devices,Analog Devices,Company,,ASSP products,10-K,AMD,high,"and from ASSP vendors such as Broadcom Corporation, Marvell Technology Group, Ltd., Analog Devices, Texas Instruments Incorporated, NXP Semiconductors N.V., Qualcomm Incorporated and NVIDIA.",https://www.sec.gov/Archives/edgar/data/2488/000000248826000018/amd-20251227.htm,
AMD,"Advanced Micro Devices, Inc.",Company,COMPETES_WITH,lattice-semiconductor,Lattice Semiconductor Corporation,Company,,FPGA products,10-K,AMD,high,"We expect continued competition from our primary FPGA competitors such as Altera, Lattice Semiconductor Corporation and Microsemi Corporation",https://www.sec.gov/Archives/edgar/data/2488/000000248826000018/amd-20251227.htm,
AMD,"Advanced Micro Devices, Inc.",Company,COMPETES_WITH,marvell-technology,"Marvell Technology Group, Ltd.",Company,,ASSP products,10-K,AMD,high,"and from ASSP vendors such as Broadcom Corporation, Marvell Technology Group, Ltd., Analog Devices, Texas Instruments Incorporated, NXP Semiconductors N.V., Qualcomm Incorporated and NVIDIA.",https://www.sec.gov/Archives/edgar/data/2488/000000248826000018/amd-20251227.htm,
AMD,"Advanced Micro Devices, Inc.",Company,COMPETES_WITH,microsemi,Microsemi Corporation,Company,,FPGA products,10-K,AMD,high,"We expect continued competition from our primary FPGA competitors such as Altera, Lattice Semiconductor Corporation and Microsemi Corporation",https://www.sec.gov/Archives/edgar/data/2488/000000248826000018/amd-20251227.htm,
AMD,"Advanced Micro Devices, Inc.",Company,COMPETES_WITH,nxp-semiconductors,NXP Semiconductors,Company,,ASSP products,10-K,AMD,high,"and from ASSP vendors such as Broadcom Corporation, Marvell Technology Group, Ltd., Analog Devices, Texas Instruments Incorporated, NXP Semiconductors N.V., Qualcomm Incorporated and NVIDIA.",https://www.sec.gov/Archives/edgar/data/2488/000000248826000018/amd-20251227.htm,
AMD,"Advanced Micro Devices, Inc.",Company,COMPETES_WITH,texas-instruments,Texas Instruments Incorporated,Company,,ASSP products,10-K,AMD,high,"and from ASSP vendors such as Broadcom Corporation, Marvell Technology Group, Ltd., Analog Devices, Texas Instruments Incorporated, NXP Semiconductors N.V., Qualcomm Incorporated and NVIDIA.",https://www.sec.gov/Archives/edgar/data/2488/000000248826000018/amd-20251227.htm,
AMZN,"Amazon.com, Inc.",Company,COMPETES_WITH,INTC,Intel Corporation,Company,,custom silicon for data center and AI workloads,10-K,INTC,high,"companies developing their own custom silicon, including many hyperscalers such as Amazon, Google, Meta and Microsoft",https://www.sec.gov/Archives/edgar/data/50863/000005086326000011/intc-20251227.htm,
AMZN,"Amazon.com, Inc.",Company,COMPETES_WITH,NVDA,NVIDIA Corporation,Company,,"cloud services, AI computing and Arm-based CPUs",10-K,NVDA,high,"large cloud services companies with internal teams designing hardware and software that incorporate accelerated or AI computing functionality as part of their internal solutions or platforms, such as Alibaba Group, Alphabet Inc., Amazon, Inc.",https://www.sec.gov/Archives/edgar/data/1045810/000104581026000021/nvda-20260125.htm,
ASML,ASML Holding N.V.,Company,COMPETES_WITH,applied-materials,Applied Materials Inc.,Company,,applications that support or enhance complex patterning solutions,20-F,ASML,high,"We also compete with providers of applications that support or enhance complex patterning solutions, such as Applied Materials Inc. and KLA-Tencor Corporation.",https://www.sec.gov/Archives/edgar/data/937966/000162828026011378/asml-20251231.htm,
ASML,ASML Holding N.V.,Company,COMPETES_WITH,canon,Canon,Company,,DUV systems,20-F,ASML,high,We compete primarily with Canon and Nikon in respect of DUV systems.,https://www.sec.gov/Archives/edgar/data/937966/000162828026011378/asml-20251231.htm,
ASML,ASML Holding N.V.,Company,COMPETES_WITH,kla,KLA,Company,,applications that support or enhance complex patterning solutions,20-F,ASML,high,"We also compete with providers of applications that support or enhance complex patterning solutions, such as Applied Materials Inc. and KLA-Tencor Corporation.",https://www.sec.gov/Archives/edgar/data/937966/000162828026011378/asml-20251231.htm,
ASML,ASML Holding N.V.,Company,COMPETES_WITH,nikon,Nikon,Company,,DUV systems,20-F,ASML,high,We compete primarily with Canon and Nikon in respect of DUV systems.,https://www.sec.gov/Archives/edgar/data/937966/000162828026011378/asml-20251231.htm,
AVGO,Broadcom Inc.,Company,COMPETES_WITH,INTC,Intel Corporation,Company,,custom ASICs development,10-K,INTC,high,We also compete with Broadcom in the custom ASICs development market.,https://www.sec.gov/Archives/edgar/data/50863/000005086326000011/intc-20251227.htm,
AVGO,Broadcom Inc.,Company,COMPETES_WITH,NVDA,NVIDIA Corporation,Company,,SoC products and networking products,10-K,NVDA,high,"suppliers of hardware and software for SoC products that are used in servers or embedded into automobiles, autonomous machines, and gaming devices, such as Ambarella, Inc., AMD, Broadcom, Intel, Qualcomm Incorporated",https://www.sec.gov/Archives/edgar/data/1045810/000104581026000021/nvda-20260125.htm,
AVGO,Broadcom Inc.,Company,COMPETES_WITH,QCOM,QUALCOMM Incorporated,Company,,integrated circuit products and software,10-K,QCOM,high,"Examples (some of which are strategic partners of ours in other areas) include Broadcom, HiSilicon, MediaTek, Mobileye, Nvidia, NXP Semiconductors, Qorvo, Samsung, Skyworks, Texas Instruments and UNISOC.",https://www.sec.gov/Archives/edgar/data/804328/000080432825000085/qcom-20250928.htm,
CRUS,"Cirrus Logic, Inc.",Company,COMPETES_WITH,QCOM,QUALCOMM Incorporated,Company,,semiconductors,10-K,CRUS,high,"Our primary competitors include, but are not limited to, AKM Semiconductor Inc., Analog Devices Inc., QUALCOMM Incorporated, Realtek Semiconductor Corporation, Renesas Electronics Corporation, Shanghai Awinic Technology Co., Ltd.",https://www.sec.gov/Archives/edgar/data/772406/000077240626000018/crus-20260328.htm,
CRUS,"Cirrus Logic, Inc.",Company,COMPETES_WITH,akm-semiconductor,AKM Semiconductor Inc.,Company,,semiconductors,10-K,CRUS,high,"Our primary competitors include, but are not limited to, AKM Semiconductor Inc., Analog Devices Inc., QUALCOMM Incorporated, Realtek Semiconductor Corporation, Renesas Electronics Corporation, Shanghai Awinic Technology Co., Ltd.",https://www.sec.gov/Archives/edgar/data/772406/000077240626000018/crus-20260328.htm,
CRUS,"Cirrus Logic, Inc.",Company,COMPETES_WITH,analog-devices,Analog Devices,Company,,semiconductors,10-K,CRUS,high,"Our primary competitors include, but are not limited to, AKM Semiconductor Inc., Analog Devices Inc., QUALCOMM Incorporated, Realtek Semiconductor Corporation, Renesas Electronics Corporation, Shanghai Awinic Technology Co., Ltd.",https://www.sec.gov/Archives/edgar/data/772406/000077240626000018/crus-20260328.htm,
CRUS,"Cirrus Logic, Inc.",Company,COMPETES_WITH,realtek-semiconductor,Realtek Semiconductor Corporation,Company,,semiconductors,10-K,CRUS,high,"Our primary competitors include, but are not limited to, AKM Semiconductor Inc., Analog Devices Inc., QUALCOMM Incorporated, Realtek Semiconductor Corporation, Renesas Electronics Corporation, Shanghai Awinic Technology Co., Ltd.",https://www.sec.gov/Archives/edgar/data/772406/000077240626000018/crus-20260328.htm,
CRUS,"Cirrus Logic, Inc.",Company,COMPETES_WITH,renesas-electronics,Renesas Electronics Corporation,Company,,semiconductors,10-K,CRUS,high,"Our primary competitors include, but are not limited to, AKM Semiconductor Inc., Analog Devices Inc., QUALCOMM Incorporated, Realtek Semiconductor Corporation, Renesas Electronics Corporation, Shanghai Awinic Technology Co., Ltd.",https://www.sec.gov/Archives/edgar/data/772406/000077240626000018/crus-20260328.htm,
CRUS,"Cirrus Logic, Inc.",Company,COMPETES_WITH,shanghai-awinic-technology,"Shanghai Awinic Technology Co., Ltd.",Company,,semiconductors,10-K,CRUS,high,"Our primary competitors include, but are not limited to, AKM Semiconductor Inc., Analog Devices Inc., QUALCOMM Incorporated, Realtek Semiconductor Corporation, Renesas Electronics Corporation, Shanghai Awinic Technology Co., Ltd.",https://www.sec.gov/Archives/edgar/data/772406/000077240626000018/crus-20260328.htm,
CRUS,"Cirrus Logic, Inc.",Company,COMPETES_WITH,shenzhen-goodix-technology,"Shenzhen Goodix Technology Co, Ltd.",Company,,semiconductors,10-K,CRUS,high,"competitors include, but are not limited to, AKM Semiconductor Inc., Analog Devices Inc., QUALCOMM Incorporated, Realtek Semiconductor Corporation, Renesas Electronics Corporation, Shanghai Awinic Technology Co., Ltd., Shenzhen Goodix Technology Co, Ltd.",https://www.sec.gov/Archives/edgar/data/772406/000077240626000018/crus-20260328.htm,
CRUS,"Cirrus Logic, Inc.",Company,COMPETES_WITH,skyworks,Skyworks Solutions,Company,,semiconductors,10-K,CRUS,high,"competitors include, but are not limited to, AKM Semiconductor Inc., Analog Devices Inc., QUALCOMM Incorporated, Realtek Semiconductor Corporation, Renesas Electronics Corporation, Shanghai Awinic Technology Co., Ltd., Shenzhen Goodix Technology Co, Ltd., Skyworks Solutions Inc.",https://www.sec.gov/Archives/edgar/data/772406/000077240626000018/crus-20260328.htm,
CRUS,"Cirrus Logic, Inc.",Company,COMPETES_WITH,st-microelectronics-n-v,ST Microelectronics N.V.,Company,,semiconductors,10-K,CRUS,high,"competitors include, but are not limited to, AKM Semiconductor Inc., Analog Devices Inc., QUALCOMM Incorporated, Realtek Semiconductor Corporation, Renesas Electronics Corporation, Shanghai Awinic Technology Co., Ltd., Shenzhen Goodix Technology Co, Ltd., Skyworks Solutions Inc., ST Microelectronics N.V.",https://www.sec.gov/Archives/edgar/data/772406/000077240626000018/crus-20260328.htm,
CRUS,"Cirrus Logic, Inc.",Company,COMPETES_WITH,synaptics,Synaptics Incorporated,Company,,semiconductors,10-K,CRUS,high,"include, but are not limited to, AKM Semiconductor Inc., Analog Devices Inc., QUALCOMM Incorporated, Realtek Semiconductor Corporation, Renesas Electronics Corporation, Shanghai Awinic Technology Co., Ltd., Shenzhen Goodix Technology Co, Ltd., Skyworks Solutions Inc., ST Microelectronics N.V., Synaptics Incorporated",https://www.sec.gov/Archives/edgar/data/772406/000077240626000018/crus-20260328.htm,
CRUS,"Cirrus Logic, Inc.",Company,COMPETES_WITH,texas-instruments,Texas Instruments Incorporated,Company,,semiconductors,10-K,CRUS,high,"are not limited to, AKM Semiconductor Inc., Analog Devices Inc., QUALCOMM Incorporated, Realtek Semiconductor Corporation, Renesas Electronics Corporation, Shanghai Awinic Technology Co., Ltd., Shenzhen Goodix Technology Co, Ltd., Skyworks Solutions Inc., ST Microelectronics N.V., Synaptics Incorporated and Texas Instruments, Inc.",https://www.sec.gov/Archives/edgar/data/772406/000077240626000018/crus-20260328.htm,
GOOGL,Alphabet Inc.,Company,COMPETES_WITH,INTC,Intel Corporation,Company,,custom silicon for data center and AI workloads,10-K,INTC,high,"companies developing their own custom silicon, including many hyperscalers such as Amazon, Google, Meta and Microsoft",https://www.sec.gov/Archives/edgar/data/50863/000005086326000011/intc-20251227.htm,
GOOGL,Alphabet Inc.,Company,COMPETES_WITH,NVDA,NVIDIA Corporation,Company,,cloud services and AI computing hardware and software,10-K,NVDA,high,"large cloud services companies with internal teams designing hardware and software that incorporate accelerated or AI computing functionality as part of their internal solutions or platforms, such as Alibaba Group, Alphabet Inc., Amazon, Inc.",https://www.sec.gov/Archives/edgar/data/1045810/000104581026000021/nvda-20260125.htm,
INTC,Intel Corporation,Company,COMPETES_WITH,MSFT,Microsoft Corporation,Company,,custom silicon for data center and AI workloads,10-K,INTC,high,"companies developing their own custom silicon, including many hyperscalers such as Amazon, Google, Meta and Microsoft",https://www.sec.gov/Archives/edgar/data/50863/000005086326000011/intc-20251227.htm,
INTC,Intel Corporation,Company,COMPETES_WITH,NVDA,NVIDIA Corporation,Company,,"GPUs, custom chips and accelerated computing solutions",10-K,NVDA,high,"accelerated computing solutions, including solutions offered for AI, such as Advanced Micro Devices, Inc., or AMD, Huawei Technologies Co. Ltd., or Huawei, and Intel Corporation, or Intel",https://www.sec.gov/Archives/edgar/data/1045810/000104581026000021/nvda-20260125.htm,
INTC,Intel Corporation,Company,COMPETES_WITH,QCOM,QUALCOMM Incorporated,Company,,ARM-based processors,10-K,INTC,high,Qualcomm with its Snapdragon products and MediaTek with its Kompanio products.,https://www.sec.gov/Archives/edgar/data/50863/000005086326000011/intc-20251227.htm,
INTC,Intel Corporation,Company,COMPETES_WITH,TSM,Taiwan Semiconductor Manufacturing Company Limited,Company,,leading-edge semiconductor process technology and foundry services,10-K,INTC,high,"Our primary competitor in leading-edge semiconductor process technology is TSMC, which holds a leading position in manufacturing at scale for the most advanced nodes.",https://www.sec.gov/Archives/edgar/data/50863/000005086326000011/intc-20251227.htm,
INTC,Intel Corporation,Company,COMPETES_WITH,globalfoundries,GlobalFoundries,Company,,mature process technology foundry services,10-K,INTC,high,"Other Intel Foundry competitors include GlobalFoundries, UMC and SMIC, which primarily focus on mature process technologies.",https://www.sec.gov/Archives/edgar/data/50863/000005086326000011/intc-20251227.htm,
INTC,Intel Corporation,Company,COMPETES_WITH,mediatek,MediaTek,Company,,ARM-based processors,10-K,INTC,high,and MediaTek with its Kompanio products.,https://www.sec.gov/Archives/edgar/data/50863/000005086326000011/intc-20251227.htm,
INTC,Intel Corporation,Company,COMPETES_WITH,meta,Meta Platforms,Company,,custom silicon for data center and AI workloads,10-K,INTC,high,"companies developing their own custom silicon, including many hyperscalers such as Amazon, Google, Meta and Microsoft",https://www.sec.gov/Archives/edgar/data/50863/000005086326000011/intc-20251227.htm,
INTC,Intel Corporation,Company,COMPETES_WITH,samsung-electronics,Samsung Electronics,Company,,leading-edge semiconductor process technology and foundry services,10-K,INTC,high,We also compete directly with Samsung in this market.,https://www.sec.gov/Archives/edgar/data/50863/000005086326000011/intc-20251227.htm,
INTC,Intel Corporation,Company,COMPETES_WITH,smic,SMIC,Company,,mature process technology foundry services,10-K,INTC,high,"Other Intel Foundry competitors include GlobalFoundries, UMC and SMIC, which primarily focus on mature process technologies.",https://www.sec.gov/Archives/edgar/data/50863/000005086326000011/intc-20251227.htm,
INTC,Intel Corporation,Company,COMPETES_WITH,umc,UMC,Company,,mature process technology foundry services,10-K,INTC,high,"Other Intel Foundry competitors include GlobalFoundries, UMC and SMIC, which primarily focus on mature process technologies.",https://www.sec.gov/Archives/edgar/data/50863/000005086326000011/intc-20251227.htm,
MSFT,Microsoft Corporation,Company,COMPETES_WITH,NVDA,NVIDIA Corporation,Company,,"cloud services, AI computing and Arm-based CPUs",10-K,NVDA,high,"large cloud services companies with internal teams designing hardware and software that incorporate accelerated or AI computing functionality as part of their internal solutions or platforms, such as Alibaba Group, Alphabet Inc., Amazon, Inc., or Amazon, Baidu, Inc., Huawei, and Microsoft Corporation",https://www.sec.gov/Archives/edgar/data/1045810/000104581026000021/nvda-20260125.htm,
MU,"Micron Technology, Inc.",Company,COMPETES_WITH,changxin-memory-technologies,"ChangXin Memory Technologies, Inc.",Company,,semiconductor memory and storage,10-K,MU,high,"from a number of companies, including Samsung Electronics Co., Ltd.; SK hynix Inc.; Kioxia Holdings Corporation; Sandisk Corporation; ChangXin Memory Technologies, Inc. (“CXMT”); and Yangtze Memory Technologies Co., Ltd. (“YMTC”).",https://www.sec.gov/Archives/edgar/data/723125/000072312525000028/mu-20250828.htm,
MU,"Micron Technology, Inc.",Company,COMPETES_WITH,kioxia,Kioxia Holdings Corporation,Company,,semiconductor memory and storage,10-K,MU,high,"from a number of companies, including Samsung Electronics Co., Ltd.; SK hynix Inc.; Kioxia Holdings Corporation; Sandisk Corporation; ChangXin Memory Technologies, Inc. (“CXMT”); and Yangtze Memory Technologies Co., Ltd. (“YMTC”).",https://www.sec.gov/Archives/edgar/data/723125/000072312525000028/mu-20250828.htm,
MU,"Micron Technology, Inc.",Company,COMPETES_WITH,samsung-electronics,Samsung Electronics,Company,,semiconductor memory and storage,10-K,MU,high,"from a number of companies, including Samsung Electronics Co., Ltd.; SK hynix Inc.; Kioxia Holdings Corporation; Sandisk Corporation; ChangXin Memory Technologies, Inc. (“CXMT”); and Yangtze Memory Technologies Co., Ltd. (“YMTC”).",https://www.sec.gov/Archives/edgar/data/723125/000072312525000028/mu-20250828.htm,
MU,"Micron Technology, Inc.",Company,COMPETES_WITH,sandisk,Sandisk Corporation,Company,,semiconductor memory and storage,10-K,MU,high,"from a number of companies, including Samsung Electronics Co., Ltd.; SK hynix Inc.; Kioxia Holdings Corporation; Sandisk Corporation; ChangXin Memory Technologies, Inc. (“CXMT”); and Yangtze Memory Technologies Co., Ltd. (“YMTC”).",https://www.sec.gov/Archives/edgar/data/723125/000072312525000028/mu-20250828.htm,
MU,"Micron Technology, Inc.",Company,COMPETES_WITH,sk-hynix,SK hynix Inc.,Company,,semiconductor memory and storage,10-K,MU,high,"from a number of companies, including Samsung Electronics Co., Ltd.; SK hynix Inc.; Kioxia Holdings Corporation; Sandisk Corporation; ChangXin Memory Technologies, Inc. (“CXMT”); and Yangtze Memory Technologies Co., Ltd. (“YMTC”).",https://www.sec.gov/Archives/edgar/data/723125/000072312525000028/mu-20250828.htm,
MU,"Micron Technology, Inc.",Company,COMPETES_WITH,yangtze-memory-technologies,"Yangtze Memory Technologies Co., Ltd.",Company,,semiconductor memory and storage,10-K,MU,high,"from a number of companies, including Samsung Electronics Co., Ltd.; SK hynix Inc.; Kioxia Holdings Corporation; Sandisk Corporation; ChangXin Memory Technologies, Inc. (“CXMT”); and Yangtze Memory Technologies Co., Ltd. (“YMTC”).",https://www.sec.gov/Archives/edgar/data/723125/000072312525000028/mu-20250828.htm,
NVDA,NVIDIA Corporation,Company,COMPETES_WITH,QCOM,QUALCOMM Incorporated,Company,,integrated circuit products and software,10-K,QCOM,high,"Examples (some of which are strategic partners of ours in other areas) include Broadcom, HiSilicon, MediaTek, Mobileye, Nvidia, NXP Semiconductors, Qorvo, Samsung, Skyworks, Texas Instruments and UNISOC.",https://www.sec.gov/Archives/edgar/data/804328/000080432825000085/qcom-20250928.htm,
NVDA,NVIDIA Corporation,Company,COMPETES_WITH,alibaba,Alibaba Group,Company,,cloud services and AI computing hardware and software,10-K,NVDA,high,"large cloud services companies with internal teams designing hardware and software that incorporate accelerated or AI computing functionality as part of their internal solutions or platforms, such as Alibaba Group",https://www.sec.gov/Archives/edgar/data/1045810/000104581026000021/nvda-20260125.htm,
NVDA,NVIDIA Corporation,Company,COMPETES_WITH,ambarella,"Ambarella, Inc.",Company,,SoC products,10-K,NVDA,high,"suppliers of hardware and software for SoC products that are used in servers or embedded into automobiles, autonomous machines, and gaming devices, such as Ambarella, Inc., AMD, Broadcom, Intel, Qualcomm Incorporated",https://www.sec.gov/Archives/edgar/data/1045810/000104581026000021/nvda-20260125.htm,
NVDA,NVIDIA Corporation,Company,COMPETES_WITH,arista-networks,Arista Networks,Company,,networking products,10-K,NVDA,high,"networking products consisting of switches, network adapters (including DPUs), and cable solutions (including optical modules) include such as AMD, Arista Networks, Broadcom, Cisco Systems, Inc.",https://www.sec.gov/Archives/edgar/data/1045810/000104581026000021/nvda-20260125.htm,
NVDA,NVIDIA Corporation,Company,COMPETES_WITH,baidu,"Baidu, Inc.",Company,,cloud services and AI computing hardware and software,10-K,NVDA,high,"large cloud services companies with internal teams designing hardware and software that incorporate accelerated or AI computing functionality as part of their internal solutions or platforms, such as Alibaba Group, Alphabet Inc., Amazon, Inc., or Amazon, Baidu, Inc.",https://www.sec.gov/Archives/edgar/data/1045810/000104581026000021/nvda-20260125.htm,
NVDA,NVIDIA Corporation,Company,COMPETES_WITH,cisco-systems,"Cisco Systems, Inc.",Company,,networking products,10-K,NVDA,high,"networking products consisting of switches, network adapters (including DPUs), and cable solutions (including optical modules) include such as AMD, Arista Networks, Broadcom, Cisco Systems, Inc.",https://www.sec.gov/Archives/edgar/data/1045810/000104581026000021/nvda-20260125.htm,
NVDA,NVIDIA Corporation,Company,COMPETES_WITH,hewlett-packard-enterprise,Hewlett Packard Enterprise Company,Company,,networking products,10-K,NVDA,high,"networking products consisting of switches, network adapters (including DPUs), and cable solutions (including optical modules) include such as AMD, Arista Networks, Broadcom, Cisco Systems, Inc., Hewlett Packard Enterprise Company",https://www.sec.gov/Archives/edgar/data/1045810/000104581026000021/nvda-20260125.htm,
NVDA,NVIDIA Corporation,Company,COMPETES_WITH,huawei,Huawei,Company,,"GPUs, custom chips and accelerated computing solutions",10-K,NVDA,high,"accelerated computing solutions, including solutions offered for AI, such as Advanced Micro Devices, Inc., or AMD, Huawei Technologies Co. Ltd., or Huawei, and Intel Corporation, or Intel",https://www.sec.gov/Archives/edgar/data/1045810/000104581026000021/nvda-20260125.htm,
NVDA,NVIDIA Corporation,Company,COMPETES_WITH,lumentum,Lumentum Holdings Inc.,Company,,networking products,10-K,NVDA,high,"optical modules) include such as AMD, Arista Networks, Broadcom, Cisco Systems, Inc., Hewlett Packard Enterprise Company, Huawei, Intel, Lumentum Holdings Inc., and Marvell Technology, Inc",https://www.sec.gov/Archives/edgar/data/1045810/000104581026000021/nvda-20260125.htm,
NVDA,NVIDIA Corporation,Company,COMPETES_WITH,marvell-technology,"Marvell Technology Group, Ltd.",Company,,networking products,10-K,NVDA,high,"optical modules) include such as AMD, Arista Networks, Broadcom, Cisco Systems, Inc., Hewlett Packard Enterprise Company, Huawei, Intel, Lumentum Holdings Inc., and Marvell Technology, Inc",https://www.sec.gov/Archives/edgar/data/1045810/000104581026000021/nvda-20260125.htm,
NVDA,NVIDIA Corporation,Company,COMPETES_WITH,renesas-electronics,Renesas Electronics Corporation,Company,,SoC products,10-K,NVDA,high,"such as Ambarella, Inc., AMD, Broadcom, Intel, Qualcomm Incorporated, Renesas Electronics Corporation, and Samsung",https://www.sec.gov/Archives/edgar/data/1045810/000104581026000021/nvda-20260125.htm,
NVDA,NVIDIA Corporation,Company,COMPETES_WITH,samsung-electronics,Samsung Electronics,Company,,SoC products,10-K,NVDA,high,"such as Ambarella, Inc., AMD, Broadcom, Intel, Qualcomm Incorporated, Renesas Electronics Corporation, and Samsung",https://www.sec.gov/Archives/edgar/data/1045810/000104581026000021/nvda-20260125.htm,
NVDA,NVIDIA Corporation,Company,COMPETES_WITH,tesla,"Tesla, Inc.",Company,,internal SoC products,10-K,NVDA,high,"or companies with internal teams designing SoC products for their own products and services, such as Tesla, Inc.;",https://www.sec.gov/Archives/edgar/data/1045810/000104581026000021/nvda-20260125.htm,
QCOM,QUALCOMM Incorporated,Company,COMPETES_WITH,hisilicon,HiSilicon,Company,,integrated circuit products and software,10-K,QCOM,high,"Examples (some of which are strategic partners of ours in other areas) include Broadcom, HiSilicon, MediaTek, Mobileye, Nvidia, NXP Semiconductors, Qorvo, Samsung, Skyworks, Texas Instruments and UNISOC.",https://www.sec.gov/Archives/edgar/data/804328/000080432825000085/qcom-20250928.htm,
QCOM,QUALCOMM Incorporated,Company,COMPETES_WITH,mediatek,MediaTek,Company,,integrated circuit products and software,10-K,QCOM,high,"Examples (some of which are strategic partners of ours in other areas) include Broadcom, HiSilicon, MediaTek, Mobileye, Nvidia, NXP Semiconductors, Qorvo, Samsung, Skyworks, Texas Instruments and UNISOC.",https://www.sec.gov/Archives/edgar/data/804328/000080432825000085/qcom-20250928.htm,
QCOM,QUALCOMM Incorporated,Company,COMPETES_WITH,mobileye,Mobileye,Company,,integrated circuit products and software,10-K,QCOM,high,"Examples (some of which are strategic partners of ours in other areas) include Broadcom, HiSilicon, MediaTek, Mobileye, Nvidia, NXP Semiconductors, Qorvo, Samsung, Skyworks, Texas Instruments and UNISOC.",https://www.sec.gov/Archives/edgar/data/804328/000080432825000085/qcom-20250928.htm,
QCOM,QUALCOMM Incorporated,Company,COMPETES_WITH,nxp-semiconductors,NXP Semiconductors,Company,,integrated circuit products and software,10-K,QCOM,high,"Examples (some of which are strategic partners of ours in other areas) include Broadcom, HiSilicon, MediaTek, Mobileye, Nvidia, NXP Semiconductors, Qorvo, Samsung, Skyworks, Texas Instruments and UNISOC.",https://www.sec.gov/Archives/edgar/data/804328/000080432825000085/qcom-20250928.htm,
QCOM,QUALCOMM Incorporated,Company,COMPETES_WITH,qorvo,Qorvo,Company,,integrated circuit products and software,10-K,QCOM,high,"Examples (some of which are strategic partners of ours in other areas) include Broadcom, HiSilicon, MediaTek, Mobileye, Nvidia, NXP Semiconductors, Qorvo, Samsung, Skyworks, Texas Instruments and UNISOC.",https://www.sec.gov/Archives/edgar/data/804328/000080432825000085/qcom-20250928.htm,
QCOM,QUALCOMM Incorporated,Company,COMPETES_WITH,samsung-electronics,Samsung Electronics,Company,,integrated circuit products and software,10-K,QCOM,high,"Examples (some of which are strategic partners of ours in other areas) include Broadcom, HiSilicon, MediaTek, Mobileye, Nvidia, NXP Semiconductors, Qorvo, Samsung, Skyworks, Texas Instruments and UNISOC.",https://www.sec.gov/Archives/edgar/data/804328/000080432825000085/qcom-20250928.htm,
QCOM,QUALCOMM Incorporated,Company,COMPETES_WITH,skyworks,Skyworks Solutions,Company,,integrated circuit products and software,10-K,QCOM,high,"Examples (some of which are strategic partners of ours in other areas) include Broadcom, HiSilicon, MediaTek, Mobileye, Nvidia, NXP Semiconductors, Qorvo, Samsung, Skyworks, Texas Instruments and UNISOC.",https://www.sec.gov/Archives/edgar/data/804328/000080432825000085/qcom-20250928.htm,
QCOM,QUALCOMM Incorporated,Company,COMPETES_WITH,texas-instruments,Texas Instruments Incorporated,Company,,integrated circuit products and software,10-K,QCOM,high,"Examples (some of which are strategic partners of ours in other areas) include Broadcom, HiSilicon, MediaTek, Mobileye, Nvidia, NXP Semiconductors, Qorvo, Samsung, Skyworks, Texas Instruments and UNISOC.",https://www.sec.gov/Archives/edgar/data/804328/000080432825000085/qcom-20250928.htm,
QCOM,QUALCOMM Incorporated,Company,COMPETES_WITH,unisoc,UNISOC,Company,,integrated circuit products and software,10-K,QCOM,high,"Examples (some of which are strategic partners of ours in other areas) include Broadcom, HiSilicon, MediaTek, Mobileye, Nvidia, NXP Semiconductors, Qorvo, Samsung, Skyworks, Texas Instruments and UNISOC.",https://www.sec.gov/Archives/edgar/data/804328/000080432825000085/qcom-20250928.htm,
AAPL,Apple Inc.,Company,IN_SECTOR,Technology Hardware,Technology Hardware,Sector,,,,,,,,
AMD,"Advanced Micro Devices, Inc.",Company,IN_SECTOR,Semiconductors,Semiconductors,Sector,,,,,,,,
AMZN,"Amazon.com, Inc.",Company,IN_SECTOR,Internet & Cloud,Internet & Cloud,Sector,,,,,,,,
ASML,ASML Holding N.V.,Company,IN_SECTOR,Semiconductor Equipment,Semiconductor Equipment,Sector,,,,,,,,
AVGO,Broadcom Inc.,Company,IN_SECTOR,Semiconductors,Semiconductors,Sector,,,,,,,,
CRUS,"Cirrus Logic, Inc.",Company,IN_SECTOR,Semiconductors,Semiconductors,Sector,,,,,,,,
GOOGL,Alphabet Inc.,Company,IN_SECTOR,Internet & Cloud,Internet & Cloud,Sector,,,,,,,,
INTC,Intel Corporation,Company,IN_SECTOR,Semiconductors,Semiconductors,Sector,,,,,,,,
MSFT,Microsoft Corporation,Company,IN_SECTOR,Software,Software,Sector,,,,,,,,
MU,"Micron Technology, Inc.",Company,IN_SECTOR,Semiconductors,Semiconductors,Sector,,,,,,,,
NVDA,NVIDIA Corporation,Company,IN_SECTOR,Semiconductors,Semiconductors,Sector,,,,,,,,
QCOM,QUALCOMM Incorporated,Company,IN_SECTOR,Semiconductors,Semiconductors,Sector,,,,,,,,
TSM,Taiwan Semiconductor Manufacturing Company Limited,Company,IN_SECTOR,Semiconductors,Semiconductors,Sector,,,,,,,,
AAPL,Apple Inc.,Company,OPERATES_IN,China,China,Country,manufacturing,outsourced manufacturing,10-K,AAPL,high,"A significant majority of the Company’s manufacturing is performed in whole or in part by outsourcing partners located primarily in China mainland, India, Japan, South Korea, Taiwan and Vietnam",https://www.sec.gov/Archives/edgar/data/320193/000032019325000079/aapl-20250927.htm,
AAPL,Apple Inc.,Company,OPERATES_IN,India,India,Country,manufacturing,outsourced manufacturing,10-K,AAPL,high,"A significant majority of the Company’s manufacturing is performed in whole or in part by outsourcing partners located primarily in China mainland, India, Japan, South Korea, Taiwan and Vietnam",https://www.sec.gov/Archives/edgar/data/320193/000032019325000079/aapl-20250927.htm,
AAPL,Apple Inc.,Company,OPERATES_IN,Japan,Japan,Country,manufacturing,outsourced manufacturing,10-K,AAPL,high,"A significant majority of the Company’s manufacturing is performed in whole or in part by outsourcing partners located primarily in China mainland, India, Japan, South Korea, Taiwan and Vietnam",https://www.sec.gov/Archives/edgar/data/320193/000032019325000079/aapl-20250927.htm,
AAPL,Apple Inc.,Company,OPERATES_IN,South Korea,South Korea,Country,manufacturing,outsourced manufacturing,10-K,AAPL,high,"A significant majority of the Company’s manufacturing is performed in whole or in part by outsourcing partners located primarily in China mainland, India, Japan, South Korea, Taiwan and Vietnam",https://www.sec.gov/Archives/edgar/data/320193/000032019325000079/aapl-20250927.htm,
AAPL,Apple Inc.,Company,OPERATES_IN,Taiwan,Taiwan,Country,manufacturing,outsourced manufacturing,10-K,AAPL,high,"A significant majority of the Company’s manufacturing is performed in whole or in part by outsourcing partners located primarily in China mainland, India, Japan, South Korea, Taiwan and Vietnam",https://www.sec.gov/Archives/edgar/data/320193/000032019325000079/aapl-20250927.htm,
AAPL,Apple Inc.,Company,OPERATES_IN,United States,United States,Country,headquarters,,config,,,,,
AAPL,Apple Inc.,Company,OPERATES_IN,United States,United States,Country,manufacturing,sourcing partners and manufacturing facilities,10-K,AAPL,high,in addition to sourcing from partners and facilities located in the U.S.,https://www.sec.gov/Archives/edgar/data/320193/000032019325000079/aapl-20250927.htm,
AAPL,Apple Inc.,Company,OPERATES_IN,Vietnam,Vietnam,Country,manufacturing,outsourced manufacturing,10-K,AAPL,high,"A significant majority of the Company’s manufacturing is performed in whole or in part by outsourcing partners located primarily in China mainland, India, Japan, South Korea, Taiwan and Vietnam",https://www.sec.gov/Archives/edgar/data/320193/000032019325000079/aapl-20250927.htm,
AMD,"Advanced Micro Devices, Inc.",Company,OPERATES_IN,China,China,Country,major_market,sales of MI308 products to customers,10-K,AMD,medium,"Sales of our MI308 products into China depend on customer demand, China’s import control rules and our ability to obtain licenses.",https://www.sec.gov/Archives/edgar/data/2488/000000248826000018/amd-20251227.htm,
AMD,"Advanced Micro Devices, Inc.",Company,OPERATES_IN,United States,United States,Country,headquarters,,10-K,AMD,high,"Our mailing address and executive offices are located at 2485 Augustine Drive, Santa Clara, California 95054",https://www.sec.gov/Archives/edgar/data/2488/000000248826000018/amd-20251227.htm,
AMZN,"Amazon.com, Inc.",Company,OPERATES_IN,China,China,Country,major_market,third-party seller services and advertising,10-K,AMZN,high,China-based sellers account for significant portions of our third-party seller services and advertising revenues,https://www.sec.gov/Archives/edgar/data/1018724/000101872426000004/amzn-20251231.htm,
AMZN,"Amazon.com, Inc.",Company,OPERATES_IN,China,China,Country,manufacturing,components and finished goods,10-K,AMZN,high,China-based suppliers provide significant portions of our components and finished goods,https://www.sec.gov/Archives/edgar/data/1018724/000101872426000004/amzn-20251231.htm,
AMZN,"Amazon.com, Inc.",Company,OPERATES_IN,United States,United States,Country,headquarters,,config,,,,,
ASML,ASML Holding N.V.,Company,OPERATES_IN,China,China,Country,major_market,,20-F,ASML,high,Sales were primarily driven by our China mainstream business.,https://www.sec.gov/Archives/edgar/data/937966/000162828026011378/asml-20251231.htm,
ASML,ASML Holding N.V.,Company,OPERATES_IN,Netherlands,Netherlands,Country,headquarters,,config,,,,,
ASML,ASML Holding N.V.,Company,OPERATES_IN,South Korea,South Korea,Country,major_market,,20-F,ASML,high,in South Korea represented 25.0% of our 2025 total net sales and 22.7% of our 2024 total net sales.,https://www.sec.gov/Archives/edgar/data/937966/000162828026011378/asml-20251231.htm,
ASML,ASML Holding N.V.,Company,OPERATES_IN,United States,United States,Country,manufacturing,,20-F,ASML,high,"By broadening supplier bases in Asia and enhancing manufacturing in Europe, Asia and the US, we aim to better meet customer needs.",https://www.sec.gov/Archives/edgar/data/937966/000162828026011378/asml-20251231.htm,
AVGO,Broadcom Inc.,Company,OPERATES_IN,Singapore,Singapore,Country,manufacturing,III-V semiconductor wafer fabrication,10-K,AVGO,high,The majority of our internal III-V semiconductor wafer fabrication is done in the U.S. and Singapore.,https://www.sec.gov/Archives/edgar/data/1730168/000173016825000121/avgo-20251102.htm,
AVGO,Broadcom Inc.,Company,OPERATES_IN,United States,United States,Country,headquarters,,config,,,,,
AVGO,Broadcom Inc.,Company,OPERATES_IN,United States,United States,Country,manufacturing,III-V semiconductor wafer fabrication,10-K,AVGO,high,The majority of our internal III-V semiconductor wafer fabrication is done in the U.S. and Singapore.,https://www.sec.gov/Archives/edgar/data/1730168/000173016825000121/avgo-20251102.htm,
CRUS,"Cirrus Logic, Inc.",Company,OPERATES_IN,United States,United States,Country,headquarters,,10-K,CRUS,high,"Our primary facility, which houses engineering, sales and marketing, and administrative functions, is located in Austin, Texas.",https://www.sec.gov/Archives/edgar/data/772406/000077240626000018/crus-20260328.htm,
GOOGL,Alphabet Inc.,Company,OPERATES_IN,United States,United States,Country,headquarters,,config,,,,,
GOOGL,Alphabet Inc.,Company,OPERATES_IN,United States,United States,Country,major_market,domestic market accounting for 48% of consolidated revenues,10-K,GOOGL,medium,International revenues accounted for approximately 52% of consolidated revenues in 2025.,https://www.sec.gov/Archives/edgar/data/1652044/000165204426000018/goog-20251231.htm,
INTC,Intel Corporation,Company,OPERATES_IN,China,China,Country,major_market,revenue from billings to China contributing 24% of total revenue,10-K,INTC,high,"Moreover, sales outside the U.S. accounted for 70% of our revenue for the fiscal year ended December 27, 2025, with revenue from billings to China contributing 24% of our total revenue.",https://www.sec.gov/Archives/edgar/data/50863/000005086326000011/intc-20251227.htm,
INTC,Intel Corporation,Company,OPERATES_IN,Costa Rica,Costa Rica,Country,manufacturing,assembly and test operations,10-K,INTC,high,"We initiated the consolidation of our Costa Rican assembly and test operations into our other facilities, which we expect to be completed by the end of 2026",https://www.sec.gov/Archives/edgar/data/50863/000005086326000011/intc-20251227.htm,
INTC,Intel Corporation,Company,OPERATES_IN,Ireland,Ireland,Country,manufacturing,Fab 34 manufacturing facility,10-K,INTC,high,our 2024 joint investment with Apollo related to Fab 34 in Ireland.,https://www.sec.gov/Archives/edgar/data/50863/000005086326000011/intc-20251227.htm,
INTC,Intel Corporation,Company,OPERATES_IN,United States,United States,Country,headquarters,,config,,,,,
INTC,Intel Corporation,Company,OPERATES_IN,United States,United States,Country,manufacturing,R&D and high-volume manufacturing of logic semiconductors,10-K,INTC,high,"We are the only company undertaking research, design and development of leading-edge and next generation semiconductor manufacturing technologies and high-volume manufacturing of logic semiconductors utilizing leading-edge nodes in the U.S.",https://www.sec.gov/Archives/edgar/data/50863/000005086326000011/intc-20251227.htm,
MSFT,Microsoft Corporation,Company,OPERATES_IN,United States,United States,Country,headquarters,corporate headquarters and research and development,10-K,MSFT,high,"our corporate headquarters, a significant portion of our research and development activities, and certain other essential business operations are in the Seattle, Washington area",https://www.sec.gov/Archives/edgar/data/789019/000119312526323660/msft-20260630.htm,
MU,"Micron Technology, Inc.",Company,OPERATES_IN,China,China,Country,major_market,,10-K,MU,high,"following the May 2023 decision of its cybersecurity review of our products sold in China, the CAC determined that critical information infrastructure operators in China may not purchase Micron products",https://www.sec.gov/Archives/edgar/data/723125/000072312525000028/mu-20250828.htm,
MU,"Micron Technology, Inc.",Company,OPERATES_IN,China,China,Country,manufacturing,manufacturing facilities,10-K,MU,high,"We manufacture our products within our own facilities located in Taiwan, Singapore, Japan, the United States, Malaysia, China, and India",https://www.sec.gov/Archives/edgar/data/723125/000072312525000028/mu-20250828.htm,
MU,"Micron Technology, Inc.",Company,OPERATES_IN,India,India,Country,manufacturing,manufacturing facilities,10-K,MU,high,"We manufacture our products within our own facilities located in Taiwan, Singapore, Japan, the United States, Malaysia, China, and India",https://www.sec.gov/Archives/edgar/data/723125/000072312525000028/mu-20250828.htm,
MU,"Micron Technology, Inc.",Company,OPERATES_IN,Japan,Japan,Country,manufacturing,manufacturing facilities,10-K,MU,high,"We manufacture our products within our own facilities located in Taiwan, Singapore, Japan, the United States, Malaysia, China, and India",https://www.sec.gov/Archives/edgar/data/723125/000072312525000028/mu-20250828.htm,
MU,"Micron Technology, Inc.",Company,OPERATES_IN,Malaysia,Malaysia,Country,manufacturing,manufacturing facilities,10-K,MU,high,"We manufacture our products within our own facilities located in Taiwan, Singapore, Japan, the United States, Malaysia, China, and India",https://www.sec.gov/Archives/edgar/data/723125/000072312525000028/mu-20250828.htm,
MU,"Micron Technology, Inc.",Company,OPERATES_IN,Singapore,Singapore,Country,manufacturing,manufacturing facilities,10-K,MU,high,"We manufacture our products within our own facilities located in Taiwan, Singapore, Japan, the United States, Malaysia, China, and India",https://www.sec.gov/Archives/edgar/data/723125/000072312525000028/mu-20250828.htm,
MU,"Micron Technology, Inc.",Company,OPERATES_IN,Taiwan,Taiwan,Country,manufacturing,manufacturing facilities,10-K,MU,high,"We manufacture our products within our own facilities located in Taiwan, Singapore, Japan, the United States, Malaysia, China, and India",https://www.sec.gov/Archives/edgar/data/723125/000072312525000028/mu-20250828.htm,
MU,"Micron Technology, Inc.",Company,OPERATES_IN,United States,United States,Country,headquarters,executive offices,10-K,MU,high,"Our executive offices are located at 8000 South Federal Way, Boise, Idaho 83716-9632 and our telephone number is (208) 368-4000.",https://www.sec.gov/Archives/edgar/data/723125/000072312525000028/mu-20250828.htm,
MU,"Micron Technology, Inc.",Company,OPERATES_IN,United States,United States,Country,manufacturing,manufacturing facilities,10-K,MU,high,"We manufacture our products within our own facilities located in Taiwan, Singapore, Japan, the United States, Malaysia, China, and India",https://www.sec.gov/Archives/edgar/data/723125/000072312525000028/mu-20250828.htm,
NVDA,NVIDIA Corporation,Company,OPERATES_IN,China,China,Country,major_market,H20 products,10-K,NVDA,high,the USG granted licenses that would allow us to ship certain H20 products to certain China-based customers. We generated approximately $60 million in H20 revenue under those licenses.,https://www.sec.gov/Archives/edgar/data/1045810/000104581026000021/nvda-20260125.htm,
NVDA,NVIDIA Corporation,Company,OPERATES_IN,Israel,Israel,Country,manufacturing,,10-K,NVDA,high,"other countries have restricted and may continue in the future to restrict business with the State of Israel, where we have engineering, sales support operations and manufacturing",https://www.sec.gov/Archives/edgar/data/1045810/000104581026000021/nvda-20260125.htm,
NVDA,NVIDIA Corporation,Company,OPERATES_IN,Taiwan,Taiwan,Country,manufacturing,"components, parts, or services",10-K,NVDA,high,"our business depends on our ability to receive consistent and reliable supply from our overseas partners, especially in Taiwan and South Korea.",https://www.sec.gov/Archives/edgar/data/1045810/000104581026000021/nvda-20260125.htm,
NVDA,NVIDIA Corporation,Company,OPERATES_IN,United States,United States,Country,headquarters,,10-K,NVDA,high,"Headquartered in Santa Clara, California, NVIDIA was incorporated in California in April 1993 and reincorporated in Delaware in April 1998.",https://www.sec.gov/Archives/edgar/data/1045810/000104581026000021/nvda-20260125.htm,
NVDA,NVIDIA Corporation,Company,OPERATES_IN,United States,United States,Country,manufacturing,,10-K,NVDA,high,We are increasing our U.S.-based manufacturing and investing in specialized equipment and processes to support domestic production.,https://www.sec.gov/Archives/edgar/data/1045810/000104581026000021/nvda-20260125.htm,
QCOM,QUALCOMM Incorporated,Company,OPERATES_IN,China,China,Country,major_market,,10-K,QCOM,high,"A significant portion of our business is concentrated in China, and the risks of such concentration are exacerbated by U.S./China trade and national security tensions.",https://www.sec.gov/Archives/edgar/data/804328/000080432825000085/qcom-20250928.htm,
QCOM,QUALCOMM Incorporated,Company,OPERATES_IN,China,China,Country,manufacturing,critical integrated circuit products,10-K,QCOM,high,We also source certain critical integrated circuit products from Chinese suppliers.,https://www.sec.gov/Archives/edgar/data/804328/000080432825000085/qcom-20250928.htm,
QCOM,QUALCOMM Incorporated,Company,OPERATES_IN,Germany,Germany,Country,manufacturing,front-end manufacturing facilities,10-K,QCOM,high,The front-end processes primarily take place at manufacturing facilities located in Germany and Singapore and involve the imprinting of substrate wafers with the structure and circuitry required for the products to function,https://www.sec.gov/Archives/edgar/data/804328/000080432825000085/qcom-20250928.htm,
QCOM,QUALCOMM Incorporated,Company,OPERATES_IN,Singapore,Singapore,Country,manufacturing,front-end and back-end manufacturing facilities,10-K,QCOM,high,The front-end processes primarily take place at manufacturing facilities located in Germany and Singapore and involve the imprinting of substrate wafers with the structure and circuitry required for the products to function,https://www.sec.gov/Archives/edgar/data/804328/000080432825000085/qcom-20250928.htm,
QCOM,QUALCOMM Incorporated,Company,OPERATES_IN,South Korea,South Korea,Country,manufacturing,"foundries and assembly, test and other facilities",10-K,QCOM,high,"our key suppliers and their manufacturing foundries and assembly, test and other facilities are primarily located in Taiwan and Korea;",https://www.sec.gov/Archives/edgar/data/804328/000080432825000085/qcom-20250928.htm,
QCOM,QUALCOMM Incorporated,Company,OPERATES_IN,Taiwan,Taiwan,Country,manufacturing,chipset supply from foundry partners,10-K,QCOM,high,"our business depends on our ability to receive consistent and reliable chipset supply from our foundry partners, particularly in Taiwan.",https://www.sec.gov/Archives/edgar/data/804328/000080432825000085/qcom-20250928.htm,
QCOM,QUALCOMM Incorporated,Company,OPERATES_IN,United States,United States,Country,headquarters,,10-K,QCOM,high,"establishing or expanding local offices near our headquarters in San Diego, California.",https://www.sec.gov/Archives/edgar/data/804328/000080432825000085/qcom-20250928.htm,
TSM,Taiwan Semiconductor Manufacturing Company Limited,Company,OPERATES_IN,China,China,Country,manufacturing,,20-F,TSM,high,"we obtained from the U.S. Department of Commerce a Validated End-User (the “VEU”) authorization for our fab located in Nanjing, China",https://www.sec.gov/Archives/edgar/data/1046179/000162828026025362/tsm-20251231.htm,
TSM,Taiwan Semiconductor Manufacturing Company Limited,Company,OPERATES_IN,Germany,Germany,Country,manufacturing,,20-F,TSM,high,"Based on market demand, we have continued to add capacity to meet market needs for our products and services, including in Taiwan, in Arizona, U.S., in Kumamoto, Japan and in Dresden, Germany.",https://www.sec.gov/Archives/edgar/data/1046179/000162828026025362/tsm-20251231.htm,
TSM,Taiwan Semiconductor Manufacturing Company Limited,Company,OPERATES_IN,Japan,Japan,Country,manufacturing,,20-F,TSM,high,"Based on market demand, we have continued to add capacity to meet market needs for our products and services, including in Taiwan, in Arizona, U.S., in Kumamoto, Japan and in Dresden, Germany.",https://www.sec.gov/Archives/edgar/data/1046179/000162828026025362/tsm-20251231.htm,
TSM,Taiwan Semiconductor Manufacturing Company Limited,Company,OPERATES_IN,Taiwan,Taiwan,Country,headquarters,,20-F,TSM,high,"The majority of our principal executive officers and our principal production facilities are located in the R.O.C., and the majority of our net revenue is derived from our operations in the R.O.C.",https://www.sec.gov/Archives/edgar/data/1046179/000162828026025362/tsm-20251231.htm,
TSM,Taiwan Semiconductor Manufacturing Company Limited,Company,OPERATES_IN,Taiwan,Taiwan,Country,manufacturing,,20-F,TSM,high,"nine of our fabs are located in the Hsinchu Science Park, two fabs are located in the Central Taiwan Science Park, seven fabs are located in the Southern Taiwan Science Park",https://www.sec.gov/Archives/edgar/data/1046179/000162828026025362/tsm-20251231.htm,
TSM,Taiwan Semiconductor Manufacturing Company Limited,Company,OPERATES_IN,United States,United States,Country,manufacturing,,20-F,TSM,high,Any tariffs imposed on imports of semiconductor manufacturing materials and equipment into the U.S. may result in increased costs for our manufacturing operations in the U.S. and reduce our profitability.,https://www.sec.gov/Archives/edgar/data/1046179/000162828026025362/tsm-20251231.htm,
AAPL,Apple Inc.,Company,SUPPLIES,GOOGL,Alphabet Inc.,Company,,search services licensing arrangements,10-K,AAPL,high,The Company earns revenue from licensing arrangements with Google LLC (“Google”) and other companies to offer their search services on the Company’s platforms and applications,https://www.sec.gov/Archives/edgar/data/320193/000032019325000079/aapl-20250927.htm,
AMD,"Advanced Micro Devices, Inc.",Company,SUPPLIES,MSFT,Microsoft Corporation,Company,,semi-custom SoC products for game consoles,10-K,AMD,high,"AMD semi-custom SoC products power the Sony PlayStation ® 5, the Microsoft ® Xbox Series S™ and X™ game consoles, as well as the recently revealed Valve Steam Machine PC.",https://www.sec.gov/Archives/edgar/data/2488/000000248826000018/amd-20251227.htm,
AMD,"Advanced Micro Devices, Inc.",Company,SUPPLIES,openai,OpenAI,Company,,AMD GPUs,10-K,AMD,high,"In October 2025, we entered into a product purchase agreement with OpenAI OpCo, LLC, (OpenAI) to deploy 6 gigawatts of AMD GPUs, with the deployment of the first gigawatt of capacity powered by our AMD Instinct MI450 series products.",https://www.sec.gov/Archives/edgar/data/2488/000000248826000018/amd-20251227.htm,
AMD,"Advanced Micro Devices, Inc.",Company,SUPPLIES,sony,Sony,Company,,semi-custom SoC products for game consoles,10-K,AMD,high,"AMD semi-custom SoC products power the Sony PlayStation ® 5, the Microsoft ® Xbox Series S™ and X™ game consoles, as well as the recently revealed Valve Steam Machine PC.",https://www.sec.gov/Archives/edgar/data/2488/000000248826000018/amd-20251227.htm,
AMD,"Advanced Micro Devices, Inc.",Company,SUPPLIES,valve,Valve,Company,,semi-custom SoC products for PC,10-K,AMD,high,"AMD semi-custom SoC products power the Sony PlayStation ® 5, the Microsoft ® Xbox Series S™ and X™ game consoles, as well as the recently revealed Valve Steam Machine PC.",https://www.sec.gov/Archives/edgar/data/2488/000000248826000018/amd-20251227.htm,
ASML,ASML Holding N.V.,Company,SUPPLIES,INTC,Intel Corporation,Company,,EUV lithography tools,10-K,INTC,high,"ASML Holding N.V. (ASML) is currently the sole supplier of EUV lithography tools that we are deploying in our Intel 4, Intel 3, Intel 18A and planned future leading-edge manufacturing process nodes.",https://www.sec.gov/Archives/edgar/data/50863/000005086326000011/intc-20251227.htm,
ASML,ASML Holding N.V.,Company,SUPPLIES,TSM,Taiwan Semiconductor Manufacturing Company Limited,Company,,semiconductor equipment and green manufacturing innovations,20-F,ASML,high,"In November 2025, we were honored to receive the TSMC Supplier ‘Excellence in Green Manufacturing’ Award, for this and other product energy- efficiency innovations.",https://www.sec.gov/Archives/edgar/data/937966/000162828026011378/asml-20251231.htm,
CRUS,"Cirrus Logic, Inc.",Company,SUPPLIES,AAPL,Apple Inc.,Company,,end customer,10-K,CRUS,high,"For fiscal years 2026, 2025, and 2024, we had one end customer, Apple Inc., who purchased through multiple contract manufacturers and represented approximately 91 percent, 89 percent, and 87 percent, of the Company’s total net sales, respectively.",https://www.sec.gov/Archives/edgar/data/772406/000077240626000018/crus-20260328.htm,
MU,"Micron Technology, Inc.",Company,SUPPLIES,NVDA,NVIDIA Corporation,Company,,memory,10-K,NVDA,high,"We purchase memory from SK Hynix Inc., Micron Technology, Inc., and Samsung.",https://www.sec.gov/Archives/edgar/data/1045810/000104581026000021/nvda-20260125.htm,
NVDA,NVIDIA Corporation,Company,SUPPLIES,MSFT,Microsoft Corporation,Company,,data center GPUs for Azure AI infrastructure,manual,,high,,,Widely reported public fact. Nvidia's 10-K cites unnamed 'direct customers' (22% and 14% of revenue); Microsoft's 10-K cites 'limited suppliers' for datacenter components.
QCOM,QUALCOMM Incorporated,Company,SUPPLIES,AAPL,Apple Inc.,Company,,customer/licensee,10-K,QCOM,high,"In fiscal 2025, revenues from Apple, Samsung and Xiaomi each comprised 10% or more of our consolidated revenues.",https://www.sec.gov/Archives/edgar/data/804328/000080432825000085/qcom-20250928.htm,
QCOM,QUALCOMM Incorporated,Company,SUPPLIES,huawei,Huawei,Company,,4G and other integrated circuit products,10-K,QCOM,high,"the export license under which we previously sold 4G and certain other integrated circuit products to Huawei, which is one of the largest smartphone OEMs in China.",https://www.sec.gov/Archives/edgar/data/804328/000080432825000085/qcom-20250928.htm,
QCOM,QUALCOMM Incorporated,Company,SUPPLIES,samsung-electronics,Samsung Electronics,Company,,customer/licensee,10-K,QCOM,high,"In fiscal 2025, revenues from Apple, Samsung and Xiaomi each comprised 10% or more of our consolidated revenues.",https://www.sec.gov/Archives/edgar/data/804328/000080432825000085/qcom-20250928.htm,
QCOM,QUALCOMM Incorporated,Company,SUPPLIES,xiaomi,Xiaomi,Company,,customer/licensee,10-K,QCOM,high,"In fiscal 2025, revenues from Apple, Samsung and Xiaomi each comprised 10% or more of our consolidated revenues.",https://www.sec.gov/Archives/edgar/data/804328/000080432825000085/qcom-20250928.htm,
TSM,Taiwan Semiconductor Manufacturing Company Limited,Company,SUPPLIES,AAPL,Apple Inc.,Company,,"fabrication of Apple-designed chips (A-series, M-series)",manual,,high,,,"Widely reported public fact. Neither filing names the other: Apple's 10-K cites 'outsourcing partners' in Asia, and TSMC's 20-F cites an unnamed 'largest customer'."
TSM,Taiwan Semiconductor Manufacturing Company Limited,Company,SUPPLIES,AMD,"Advanced Micro Devices, Inc.",Company,,wafer production,10-K,AMD,high,"We utilize Taiwan Semiconductor Manufacturing Company Limited (TSMC) for the production of wafers for our HPC, FPGA and adaptive SoC products and GLOBALFOUNDRIES Inc. (GF), with respect to wafer purchases",https://www.sec.gov/Archives/edgar/data/2488/000000248826000018/amd-20251227.htm,
TSM,Taiwan Semiconductor Manufacturing Company Limited,Company,SUPPLIES,AVGO,Broadcom Inc.,Company,,front-end wafer manufacturing,10-K,AVGO,high,"The majority of our front-end wafer manufacturing operations is outsourced to external foundries, including Taiwan Semiconductor Manufacturing Company Limited (“TSMC”).",https://www.sec.gov/Archives/edgar/data/1730168/000173016825000121/avgo-20251102.htm,
TSM,Taiwan Semiconductor Manufacturing Company Limited,Company,SUPPLIES,CRUS,"Cirrus Logic, Inc.",Company,,wafer fabrication,10-K,CRUS,high,"We use a variety of foundries in the production of wafers, primarily supplied by GLOBALFOUNDRIES Inc., (""GlobalFoundries"") and Taiwan Semiconductor Manufacturing Company, Limited (""TSMC"").",https://www.sec.gov/Archives/edgar/data/772406/000077240626000018/crus-20260328.htm,
TSM,Taiwan Semiconductor Manufacturing Company Limited,Company,SUPPLIES,INTC,Intel Corporation,Company,,foundry manufacturing capacity and tiles,10-K,INTC,high,"In recent years, however, we have also strategically utilized third-party foundry manufacturing capacity, including at one of our key foundry competitors, TSMC, for various tiles or an entire product",https://www.sec.gov/Archives/edgar/data/50863/000005086326000011/intc-20251227.htm,
TSM,Taiwan Semiconductor Manufacturing Company Limited,Company,SUPPLIES,NVDA,NVIDIA Corporation,Company,,wafer foundry,10-K,NVDA,high,"We utilize foundries, such as Taiwan Semiconductor Manufacturing Company Limited, or TSMC, and Samsung Electronics Co., Ltd., or Samsung, to produce our semiconductor wafers.",https://www.sec.gov/Archives/edgar/data/1045810/000104581026000021/nvda-20260125.htm,
TSM,Taiwan Semiconductor Manufacturing Company Limited,Company,SUPPLIES,QCOM,QUALCOMM Incorporated,Company,,foundry supplier,10-K,QCOM,high,"The primary foundry suppliers for our various digital, analog/mixed-signal, RF and PM integrated circuits include Taiwan Semiconductor Manufacturing Company (TSMC), Samsung Electronics and Global Foundries.",https://www.sec.gov/Archives/edgar/data/804328/000080432825000085/qcom-20250928.htm,
advanced-semiconductor-engineering,ASE (Advanced Semiconductor Engineering),Company,SUPPLIES,AVGO,Broadcom Inc.,Company,,assembly and test operations,10-K,AVGO,high,"We use third-party CMs for a significant majority of our assembly and test operations, including TSMC, Advanced Semiconductor Engineering, Inc., Foxconn Technology Group, Amkor Technology, Inc. and Siliconware Precision Industries Co., Ltd.",https://www.sec.gov/Archives/edgar/data/1730168/000173016825000121/avgo-20251102.htm,
advanced-semiconductor-engineering,ASE (Advanced Semiconductor Engineering),Company,SUPPLIES,CRUS,"Cirrus Logic, Inc.",Company,,assembly and test,10-K,CRUS,high,"The Company’s primary assembly and test houses include Advanced Semiconductor Engineering, Inc., Amkor Technology, Inc., STATS ChipPAC Pte. Ltd., SFA Semicon Co., Ltd., and Siliconware Precision Industries Co., Ltd.",https://www.sec.gov/Archives/edgar/data/772406/000077240626000018/crus-20260328.htm,
advanced-semiconductor-engineering,ASE (Advanced Semiconductor Engineering),Company,SUPPLIES,QCOM,QUALCOMM Incorporated,Company,,semiconductor assembly and test,10-K,QCOM,high,"Our primary semiconductor assembly and test suppliers are Advanced Semiconductor Engineering, Amkor Technology, Siliconware Precision Industries and STATSChipPAC.",https://www.sec.gov/Archives/edgar/data/804328/000080432825000085/qcom-20250928.htm,
amkor-technology,"Amkor Technology, Inc.",Company,SUPPLIES,AVGO,Broadcom Inc.,Company,,assembly and test operations,10-K,AVGO,high,"We use third-party CMs for a significant majority of our assembly and test operations, including TSMC, Advanced Semiconductor Engineering, Inc., Foxconn Technology Group, Amkor Technology, Inc. and Siliconware Precision Industries Co., Ltd.",https://www.sec.gov/Archives/edgar/data/1730168/000173016825000121/avgo-20251102.htm,
amkor-technology,"Amkor Technology, Inc.",Company,SUPPLIES,CRUS,"Cirrus Logic, Inc.",Company,,assembly and test,10-K,CRUS,high,"The Company’s primary assembly and test houses include Advanced Semiconductor Engineering, Inc., Amkor Technology, Inc., STATS ChipPAC Pte. Ltd., SFA Semicon Co., Ltd., and Siliconware Precision Industries Co., Ltd.",https://www.sec.gov/Archives/edgar/data/772406/000077240626000018/crus-20260328.htm,
amkor-technology,"Amkor Technology, Inc.",Company,SUPPLIES,QCOM,QUALCOMM Incorporated,Company,,semiconductor assembly and test,10-K,QCOM,high,"Our primary semiconductor assembly and test suppliers are Advanced Semiconductor Engineering, Amkor Technology, Siliconware Precision Industries and STATSChipPAC.",https://www.sec.gov/Archives/edgar/data/804328/000080432825000085/qcom-20250928.htm,
carl-zeiss,Carl Zeiss,Company,SUPPLIES,ASML,ASML Holding N.V.,Company,,optical columns,20-F,ASML,high,"Carl Zeiss SMT GmbH is our single supplier, and we are their single customer, of optical columns for lithography systems.",https://www.sec.gov/Archives/edgar/data/937966/000162828026011378/asml-20251231.htm,
fabrinet,Fabrinet,Company,SUPPLIES,NVDA,NVIDIA Corporation,Company,,"assembly, testing and packaging",10-K,NVDA,high,"We engage with independent subcontractors and contract manufacturers such as Hon Hai Precision Industry Co., Ltd., Wistron Corporation, and Fabrinet to perform assembly, testing and packaging of our final products.",https://www.sec.gov/Archives/edgar/data/1045810/000104581026000021/nvda-20260125.htm,
globalfoundries,GlobalFoundries,Company,SUPPLIES,AMD,"Advanced Micro Devices, Inc.",Company,,wafer purchases,10-K,AMD,high,"and GLOBALFOUNDRIES Inc. (GF), with respect to wafer purchases for our HPC products at the 12 nm and 14 nm technology nodes.",https://www.sec.gov/Archives/edgar/data/2488/000000248826000018/amd-20251227.htm,
globalfoundries,GlobalFoundries,Company,SUPPLIES,CRUS,"Cirrus Logic, Inc.",Company,,wafer fabrication,10-K,CRUS,high,"We use a variety of foundries in the production of wafers, primarily supplied by GLOBALFOUNDRIES Inc., (""GlobalFoundries"") and Taiwan Semiconductor Manufacturing Company, Limited (""TSMC"").",https://www.sec.gov/Archives/edgar/data/772406/000077240626000018/crus-20260328.htm,
globalfoundries,GlobalFoundries,Company,SUPPLIES,QCOM,QUALCOMM Incorporated,Company,,foundry supplier,10-K,QCOM,high,"The primary foundry suppliers for our various digital, analog/mixed-signal, RF and PM integrated circuits include Taiwan Semiconductor Manufacturing Company (TSMC), Samsung Electronics and Global Foundries.",https://www.sec.gov/Archives/edgar/data/804328/000080432825000085/qcom-20250928.htm,
groq,"Groq, Inc.",Company,SUPPLIES,NVDA,NVIDIA Corporation,Company,,intellectual property license,10-K,NVDA,high,"We have entered into an intellectual property license arrangement with Groq, Inc., or Groq, that required significant, nonrefundable payments.",https://www.sec.gov/Archives/edgar/data/1045810/000104581026000021/nvda-20260125.htm,
hon-hai-precision-industry,Hon Hai (Foxconn),Company,SUPPLIES,AVGO,Broadcom Inc.,Company,,assembly and test operations,10-K,AVGO,high,"We use third-party CMs for a significant majority of our assembly and test operations, including TSMC, Advanced Semiconductor Engineering, Inc., Foxconn Technology Group, Amkor Technology, Inc. and Siliconware Precision Industries Co., Ltd.",https://www.sec.gov/Archives/edgar/data/1730168/000173016825000121/avgo-20251102.htm,
hon-hai-precision-industry,Hon Hai (Foxconn),Company,SUPPLIES,NVDA,NVIDIA Corporation,Company,,"assembly, testing and packaging",10-K,NVDA,high,"We engage with independent subcontractors and contract manufacturers such as Hon Hai Precision Industry Co., Ltd., Wistron Corporation, and Fabrinet to perform assembly, testing and packaging of our final products.",https://www.sec.gov/Archives/edgar/data/1045810/000104581026000021/nvda-20260125.htm,
king-yuan-electronics,King Yuan Electronics Company,Company,SUPPLIES,AMD,"Advanced Micro Devices, Inc.",Company,,ATMP services,10-K,AMD,high,"The ATMP JVs, Siliconware Precision Industries Ltd. (SPIL) and King Yuan Electronics Company (KYEC) provide ATMP services for our products.",https://www.sec.gov/Archives/edgar/data/2488/000000248826000018/amd-20251227.htm,
samsung-electronics,Samsung Electronics,Company,SUPPLIES,AMD,"Advanced Micro Devices, Inc.",Company,,production of ICs,10-K,AMD,high,"Additionally, we utilize TSMC, United Microelectronics Corporation (UMC) and Samsung Electronics Co., Ltd. for the production of our ICs in the form of programmable logic devices.",https://www.sec.gov/Archives/edgar/data/2488/000000248826000018/amd-20251227.htm,
samsung-electronics,Samsung Electronics,Company,SUPPLIES,NVDA,NVIDIA Corporation,Company,,wafer foundry and memory,10-K,NVDA,high,"We utilize foundries, such as Taiwan Semiconductor Manufacturing Company Limited, or TSMC, and Samsung Electronics Co., Ltd., or Samsung, to produce our semiconductor wafers.",https://www.sec.gov/Archives/edgar/data/1045810/000104581026000021/nvda-20260125.htm,
samsung-electronics,Samsung Electronics,Company,SUPPLIES,QCOM,QUALCOMM Incorporated,Company,,foundry supplier,10-K,QCOM,high,"The primary foundry suppliers for our various digital, analog/mixed-signal, RF and PM integrated circuits include Taiwan Semiconductor Manufacturing Company (TSMC), Samsung Electronics and Global Foundries.",https://www.sec.gov/Archives/edgar/data/804328/000080432825000085/qcom-20250928.htm,
sfa-semicon,"SFA Semicon Co., Ltd.",Company,SUPPLIES,CRUS,"Cirrus Logic, Inc.",Company,,assembly and test,10-K,CRUS,high,"The Company’s primary assembly and test houses include Advanced Semiconductor Engineering, Inc., Amkor Technology, Inc., STATS ChipPAC Pte. Ltd., SFA Semicon Co., Ltd., and Siliconware Precision Industries Co., Ltd.",https://www.sec.gov/Archives/edgar/data/772406/000077240626000018/crus-20260328.htm,
siliconware-precision-industries,Siliconware Precision Industries Ltd.,Company,SUPPLIES,AMD,"Advanced Micro Devices, Inc.",Company,,ATMP services,10-K,AMD,high,"The ATMP JVs, Siliconware Precision Industries Ltd. (SPIL) and King Yuan Electronics Company (KYEC) provide ATMP services for our products.",https://www.sec.gov/Archives/edgar/data/2488/000000248826000018/amd-20251227.htm,
siliconware-precision-industries,Siliconware Precision Industries Ltd.,Company,SUPPLIES,AVGO,Broadcom Inc.,Company,,assembly and test operations,10-K,AVGO,high,"We use third-party CMs for a significant majority of our assembly and test operations, including TSMC, Advanced Semiconductor Engineering, Inc., Foxconn Technology Group, Amkor Technology, Inc. and Siliconware Precision Industries Co., Ltd.",https://www.sec.gov/Archives/edgar/data/1730168/000173016825000121/avgo-20251102.htm,
siliconware-precision-industries,Siliconware Precision Industries Ltd.,Company,SUPPLIES,CRUS,"Cirrus Logic, Inc.",Company,,assembly and test,10-K,CRUS,high,"The Company’s primary assembly and test houses include Advanced Semiconductor Engineering, Inc., Amkor Technology, Inc., STATS ChipPAC Pte. Ltd., SFA Semicon Co., Ltd., and Siliconware Precision Industries Co., Ltd.",https://www.sec.gov/Archives/edgar/data/772406/000077240626000018/crus-20260328.htm,
siliconware-precision-industries,Siliconware Precision Industries Ltd.,Company,SUPPLIES,QCOM,QUALCOMM Incorporated,Company,,semiconductor assembly and test,10-K,QCOM,high,"Our primary semiconductor assembly and test suppliers are Advanced Semiconductor Engineering, Amkor Technology, Siliconware Precision Industries and STATSChipPAC.",https://www.sec.gov/Archives/edgar/data/804328/000080432825000085/qcom-20250928.htm,
sk-hynix,SK hynix Inc.,Company,SUPPLIES,NVDA,NVIDIA Corporation,Company,,memory,10-K,NVDA,high,"We purchase memory from SK Hynix Inc., Micron Technology, Inc., and Samsung.",https://www.sec.gov/Archives/edgar/data/1045810/000104581026000021/nvda-20260125.htm,
stats-chippac,STATS ChipPAC,Company,SUPPLIES,CRUS,"Cirrus Logic, Inc.",Company,,assembly and test,10-K,CRUS,high,"The Company’s primary assembly and test houses include Advanced Semiconductor Engineering, Inc., Amkor Technology, Inc., STATS ChipPAC Pte. Ltd., SFA Semicon Co., Ltd., and Siliconware Precision Industries Co., Ltd.",https://www.sec.gov/Archives/edgar/data/772406/000077240626000018/crus-20260328.htm,
stats-chippac,STATS ChipPAC,Company,SUPPLIES,QCOM,QUALCOMM Incorporated,Company,,semiconductor assembly and test,10-K,QCOM,high,"Our primary semiconductor assembly and test suppliers are Advanced Semiconductor Engineering, Amkor Technology, Siliconware Precision Industries and STATSChipPAC.",https://www.sec.gov/Archives/edgar/data/804328/000080432825000085/qcom-20250928.htm,
tongfu-microelectronics,"Tongfu Microelectronics Co., Ltd.",Company,SUPPLIES,AMD,"Advanced Micro Devices, Inc.",Company,,ATMP joint ventures,10-K,AMD,high,"We are party to two ATMP joint ventures (collectively, the ATMP JVs) with Tongfu Microelectronics Co., Ltd. The ATMP JVs, Siliconware Precision Industries Ltd. (SPIL) and King Yuan Electronics Company (KYEC) provide ATMP services",https://www.sec.gov/Archives/edgar/data/2488/000000248826000018/amd-20251227.htm,
united-microelectronics,United Microelectronics Corporation,Company,SUPPLIES,AMD,"Advanced Micro Devices, Inc.",Company,,production of ICs,10-K,AMD,high,"Additionally, we utilize TSMC, United Microelectronics Corporation (UMC) and Samsung Electronics Co., Ltd. for the production of our ICs in the form of programmable logic devices.",https://www.sec.gov/Archives/edgar/data/2488/000000248826000018/amd-20251227.htm,
wistron,Wistron Corporation,Company,SUPPLIES,NVDA,NVIDIA Corporation,Company,,"assembly, testing and packaging",10-K,NVDA,high,"We engage with independent subcontractors and contract manufacturers such as Hon Hai Precision Industry Co., Ltd., Wistron Corporation, and Fabrinet to perform assembly, testing and packaging of our final products.",https://www.sec.gov/Archives/edgar/data/1045810/000104581026000021/nvda-20260125.htm,
